Rank;Sourceid;Title;Type;Issn;SJR;SJR Quartile;H index;Total Docs. (2021);Total Docs. (3years);Total Refs.;Total Cites (3years);Citable Docs. (3years);Cites / Doc. (2years);Ref. / Doc.;Country;Region;Publisher;Coverage;Categories;Areas
1;15631;"International Journal of Information Management";journal;"02684012";4,584;Q1;132;166;504;16896;10690;496;21,35;101,78;United Kingdom;Western Europe;"Elsevier Ltd.";"1970, 1986-2022";"Artificial Intelligence (Q1); Computer Networks and Communications (Q1); Information Systems (Q1); Information Systems and Management (Q1); Library and Information Sciences (Q1); Management Information Systems (Q1); Marketing (Q1)";"Business, Management and Accounting; Computer Science; Decision Sciences; Social Sciences"
2;15574;"Information Systems Research";journal;"15265536, 10477047";3,816;Q1;168;53;197;3994;1308;193;5,21;75,36;United States;Northern America;"INFORMS Institute for Operations Research and the Management Sciences";"1990-2021";"Computer Networks and Communications (Q1); Information Systems (Q1); Information Systems and Management (Q1); Library and Information Sciences (Q1); Management Information Systems (Q1)";"Business, Management and Accounting; Computer Science; Decision Sciences; Social Sciences"
3;29745;"Information and Organization";journal;"14717727";3,623;Q1;65;21;48;1432;506;47;7,00;68,19;United Kingdom;Western Europe;"Elsevier Ltd.";"1996-1997, 2001-2021";"Information Systems (Q1); Library and Information Sciences (Q1); Management Information Systems (Q1); Management of Technology and Innovation (Q1); Organizational Behavior and Human Resource Management (Q1)";"Business, Management and Accounting; Computer Science; Social Sciences"
4;21100451321;"Scientific data";journal;"20524463";2,468;Q1;80;295;1088;14657;8945;418;7,70;49,68;United Kingdom;Western Europe;"Nature Publishing Group";"2014-2021";"Computer Science Applications (Q1); Education (Q1); Information Systems (Q1); Library and Information Sciences (Q1); Statistics and Probability (Q1); Statistics, Probability and Uncertainty (Q1)";"Computer Science; Decision Sciences; Mathematics; Social Sciences"
5;14735;"Government Information Quarterly";journal;"0740624X";2,439;Q1;112;68;222;6298;2293;213;10,74;92,62;United Kingdom;Western Europe;"Elsevier Ltd.";"1984-2021";"E-learning (Q1); Law (Q1); Library and Information Sciences (Q1); Sociology and Political Science (Q1)";"Social Sciences"
6;12815;"Journal of Information Technology";journal;"14664437, 02683962";2,229;Q1;82;39;69;3304;516;55;4,25;84,72;United Kingdom;Western Europe;"Palgrave Macmillan Ltd.";"1987-2021";"Information Systems (Q1); Library and Information Sciences (Q1); Strategy and Management (Q1)";"Business, Management and Accounting; Computer Science; Social Sciences"
7;15074;"European Journal of Information Systems";journal;"0960085X, 14769344";2,201;Q1;113;71;124;6264;1096;110;9,97;88,23;United Kingdom;Western Europe;"Taylor and Francis Ltd.";"1995-2021";"Information Systems (Q1); Information Systems and Management (Q1); Library and Information Sciences (Q1); Management Information Systems (Q1)";"Business, Management and Accounting; Computer Science; Decision Sciences; Social Sciences"
8;21100933954;"Big Data and Society";journal;"20539517";2,040;Q1;48;99;173;5916;1329;132;7,12;59,76;United Kingdom;Western Europe;"SAGE Publications Ltd";"2014-2021";"Communication (Q1); Computer Science Applications (Q1); Information Systems (Q1); Information Systems and Management (Q1); Library and Information Sciences (Q1)";"Computer Science; Decision Sciences; Social Sciences"
9;200147110;"Information Communication and Society";journal;"1369118X";1,968;Q1;89;264;393;13710;2497;379;5,89;51,93;United Kingdom;Western Europe;"Routledge";"2001, 2005-2021";"Communication (Q1); Library and Information Sciences (Q1)";"Social Sciences"
10;12689;"Information Processing and Management";journal;"18735371, 03064573";1,854;Q1;104;255;476;15694;3992;464;8,20;61,55;United Kingdom;Western Europe;"Elsevier Ltd.";"1975-2022";"Computer Science Applications (Q1); Information Systems (Q1); Library and Information Sciences (Q1); Management Science and Operations Research (Q1); Media Technology (Q1)";"Computer Science; Decision Sciences; Engineering; Social Sciences"
11;15107;"IEEE Transactions on Information Theory";journal;"00189448, 15579654";1,731;Q1;279;514;1458;19679;4845;1457;3,19;38,29;United States;Northern America;"Institute of Electrical and Electronics Engineers Inc.";"1963-2021";"Computer Science Applications (Q1); Information Systems (Q1); Library and Information Sciences (Q1)";"Computer Science; Social Sciences"
12;19600157322;"Journal of Cheminformatics";journal;"17582946";1,589;Q1;61;94;215;4778;1921;207;8,26;50,83;United Kingdom;Western Europe;"Chemistry Central";"2009-2021";"Computer Graphics and Computer-Aided Design (Q1); Computer Science Applications (Q1); Library and Information Sciences (Q1); Physical and Theoretical Chemistry (Q1)";"Chemistry; Computer Science; Social Sciences"
13;18916;"Social Science Computer Review";journal;"15528286, 08944393";1,503;Q1;78;131;163;7465;911;161;5,43;56,98;United States;Northern America;"SAGE Publications Inc.";"1983-2021";"Computer Science Applications (Q1); Law (Q1); Library and Information Sciences (Q1); Social Sciences (miscellaneous) (Q1)";"Computer Science; Social Sciences"
14;5100155103;"Journal of Informetrics";journal;"17511577";1,437;Q1;77;96;251;5638;1483;239;4,20;58,73;Netherlands;Western Europe;"Elsevier BV";"2007-2021";"Applied Mathematics (Q1); Computer Science Applications (Q1); Library and Information Sciences (Q1); Management Science and Operations Research (Q1); Modeling and Simulation (Q1); Statistics and Probability (Q1)";"Computer Science; Decision Sciences; Mathematics; Social Sciences"
15;2600147402;"Ethics and Information Technology";journal;"13881957";1,328;Q1;58;98;80;4279;515;78;4,34;43,66;Netherlands;Western Europe;"Springer Netherlands";"1999-2021";"Computer Science Applications (Q1); Library and Information Sciences (Q1)";"Computer Science; Social Sciences"
16;130080;"Journal of Chemical Information and Modeling";journal;"1549960X, 15499596";1,223;Q1;169;593;1324;36321;7826;1300;5,85;61,25;United States;Northern America;"American Chemical Society";"2005-2021";"Chemical Engineering (miscellaneous) (Q1); Chemistry (miscellaneous) (Q1); Computer Science Applications (Q1); Library and Information Sciences (Q1)";"Chemical Engineering; Chemistry; Computer Science; Social Sciences"
17;20870;"Telecommunications Policy";journal;"03085961";1,203;Q1;74;113;230;6833;1152;218;5,01;60,47;United Kingdom;Western Europe;"Elsevier Ltd.";"1976-2021";"Economics and Econometrics (Q1); Electrical and Electronic Engineering (Q1); Human Factors and Ergonomics (Q1); Information Systems (Q1); Library and Information Sciences (Q1); Management Information Systems (Q1); Management, Monitoring, Policy and Law (Q1)";"Business, Management and Accounting; Computer Science; Economics, Econometrics and Finance; Engineering; Environmental Science; Social Sciences"
18;21100788884;"International Journal of Multimedia Information Retrieval";journal;"21926611, 2192662X";1,174;Q1;22;19;63;932;310;57;2,71;49,05;United Kingdom;Western Europe;"Springer London";"2012-2021";"Information Systems (Q1); Library and Information Sciences (Q1); Media Technology (Q1)";"Computer Science; Engineering; Social Sciences"
19;28040;"International Journal of Geographical Information Science";journal;"13658816, 13658824";1,144;Q1;121;122;340;6788;1750;329;5,20;55,64;United Kingdom;Western Europe;"Taylor and Francis Ltd.";"1997-2021";"Geography, Planning and Development (Q1); Information Systems (Q1); Library and Information Sciences (Q1)";"Computer Science; Social Sciences"
20;14238;"College and Research Libraries";journal;"00100870, 21506701";1,113;Q1;55;55;171;1577;356;150;1,78;28,67;United States;Northern America;"Association of College and Research Libraries";"1946-1947, 1987-2021";"Library and Information Sciences (Q1)";"Social Sciences"
21;130132;"Information Technology and People";journal;"09593845";1,074;Q1;64;141;213;12471;1141;211;4,94;88,45;United Kingdom;Western Europe;"Emerald Group Publishing Ltd.";"1990, 1992, 1994-2021";"Computer Science Applications (Q1); Information Systems (Q1); Library and Information Sciences (Q1)";"Computer Science; Social Sciences"
22;144955;"Education and Information Technologies";journal;"13602357";1,055;Q1;48;431;639;24929;3477;617;5,26;57,84;United States;Northern America;"Kluwer Academic Publishers";"1996-2002, 2005-2021";"Education (Q1); E-learning (Q1); Library and Information Sciences (Q1)";"Social Sciences"
23;130065;"Journal of Enterprise Information Management";journal;"17410398";0,968;Q1;67;77;215;6706;1345;211;5,75;87,09;United Kingdom;Western Europe;"Emerald Group Publishing Ltd.";"2004-2021";"Information Systems (Q1); Library and Information Sciences (Q1); Decision Sciences (miscellaneous) (Q2); Management of Technology and Innovation (Q2)";"Business, Management and Accounting; Computer Science; Decision Sciences; Social Sciences"
24;24222;"Scientometrics";journal;"15882861, 01389130";0,929;Q1;123;445;1131;22612;4381;1031;3,72;50,81;Netherlands;Western Europe;"Springer Netherlands";"1978-2021";"Library and Information Sciences (Q1); Social Sciences (miscellaneous) (Q1); Computer Science Applications (Q2)";"Computer Science; Social Sciences"
25;13971;"Library and Information Science Research";journal;"07408188";0,921;Q1;60;34;103;1893;323;98;3,06;55,68;United Kingdom;Western Europe;"Elsevier BV";"1987-2021";"Information Systems (Q1); Library and Information Sciences (Q1)";"Computer Science; Social Sciences"
26;147225;"Computers in the Schools";journal;"07380569, 15287033";0,919;Q1;29;12;51;621;107;48;1,59;51,75;United States;Northern America;"Routledge";"1984-1997, 1999, 2001-2021";"Computer Science (miscellaneous) (Q1); Education (Q1); Library and Information Sciences (Q1)";"Computer Science; Social Sciences"
27;17857;"Journal of the Medical Library Association : JMLA";journal;"15365050, 15589439";0,900;Q1;62;94;255;2551;769;223;1,94;27,14;United States;Northern America;"Medical Library Association";"1999-2021";"Library and Information Sciences (Q1); Medicine (miscellaneous) (Q1); Health Informatics (Q2)";"Medicine; Social Sciences"
28;15916;"Journal of Health Communication";journal;"10810730, 10870415";0,880;Q1;93;85;304;4682;1040;302;2,58;55,08;United Kingdom;Western Europe;"Taylor and Francis Ltd.";"1996-2021";"Communication (Q1); Health (social science) (Q1); Library and Information Sciences (Q1); Public Health, Environmental and Occupational Health (Q1)";"Medicine; Social Sciences"
29;29335;"Education for Information";journal;"18758649, 01678329";0,874;Q1;20;33;100;1373;303;93;0,48;41,61;Netherlands;Western Europe;"IOS Press BV";"1983-2021";"Education (Q1); Library and Information Sciences (Q1); Information Systems (Q2)";"Computer Science; Social Sciences"
30;30004;"Health Information and Libraries Journal";journal;"14711842, 14711834";0,869;Q1;42;56;120;1636;374;104;3,48;29,21;United Kingdom;Western Europe;"Wiley-Blackwell Publishing Ltd";"2001-2021";"Library and Information Sciences (Q1); Health Informatics (Q2); Health Information Management (Q2)";"Health Professions; Medicine; Social Sciences"
31;21100307484;"Journal of the Association for Information Science and Technology";journal;"23301643, 23301635";0,848;Q1;150;133;352;6858;1292;338;3,80;51,56;United Kingdom;Western Europe;"John Wiley and Sons Ltd";"2014-2021";"Information Systems and Management (Q1); Library and Information Sciences (Q1); Computer Networks and Communications (Q2); Information Systems (Q2)";"Computer Science; Decision Sciences; Social Sciences"
32;19400158481;"Journal of Web Librarianship";journal;"19322909, 19322917";0,831;Q1;19;15;36;365;61;36;0,74;24,33;United States;Northern America;"Routledge";"2007-2021";"Library and Information Sciences (Q1); Computer Science Applications (Q2)";"Computer Science; Social Sciences"
33;6200180164;"Profesional de la Informacion";journal;"16992407, 13866710";0,831;Q1;33;123;443;6978;1367;441;3,29;56,73;Spain;Western Europe;"El Profesional de la Informacion";"2006-2021";"Communication (Q1); Cultural Studies (Q1); Library and Information Sciences (Q1); Information Systems (Q2)";"Computer Science; Social Sciences"
34;15442;"Information Systems Management";journal;"10580530";0,811;Q1;61;37;90;2575;361;77;4,38;69,59;United Kingdom;Western Europe;"Taylor and Francis Ltd.";"1992-2021";"Library and Information Sciences (Q1); Computer Science Applications (Q2); Information Systems (Q2)";"Computer Science; Social Sciences"
35;22894;"Research Evaluation";journal;"09582029, 14715449";0,779;Q1;52;36;93;2313;320;92;2,55;64,25;United Kingdom;Western Europe;"Oxford University Press";"1991-1996, 1998-2021";"Education (Q1); Library and Information Sciences (Q1)";"Social Sciences"
36;15133;"Information Retrieval";journal;"13864564, 15737659";0,765;Q1;59;16;67;944;205;61;2,68;59,00;Netherlands;Western Europe;"Springer Netherlands";"1999-2021";"Library and Information Sciences (Q1); Information Systems (Q2)";"Computer Science; Social Sciences"
37;12813;"Journal of Information Science";journal;"01655515, 17416485";0,761;Q1;69;145;198;8265;762;198;3,11;57,00;United Kingdom;Western Europe;"SAGE Publications Ltd";"1979-2021";"Library and Information Sciences (Q1); Information Systems (Q2)";"Computer Science; Social Sciences"
38;13316;"Journal of Librarianship and Information Science";journal;"09610006, 17416477";0,756;Q1;33;108;217;6093;563;216;2,60;56,42;United Kingdom;Western Europe;"SAGE Publications Ltd";"1969-2021";"Library and Information Sciences (Q1)";"Social Sciences"
39;12791;"Journal of Academic Librarianship";journal;"00991333";0,741;Q1;61;157;298;6943;644;294;2,47;44,22;United Kingdom;Western Europe;"Elsevier BV";"1988-2021";"Education (Q1); Library and Information Sciences (Q1)";"Social Sciences"
40;144671;"Reference Services Review";journal;"00907324";0,737;Q1;40;21;132;531;155;117;1,13;25,29;United Kingdom;Western Europe;"Emerald Group Publishing Ltd.";"1973-2021";"E-learning (Q1); Library and Information Sciences (Q1)";"Social Sciences"
41;4700152829;"Journal of Library and Information Services in Distance Learning";journal;"15332918, 1533290X";0,735;Q1;14;16;74;359;68;65;1,02;22,44;United States;Northern America;"Routledge";"2004-2007, 2009-2021";"Library and Information Sciences (Q1); E-learning (Q2)";"Social Sciences"
42;144983;"Archival Science";journal;"13890166";0,714;Q1;35;30;60;1812;133;55;2,16;60,40;Netherlands;Western Europe;"Springer Netherlands";"2001-2021";"History (Q1); Library and Information Sciences (Q1)";"Arts and Humanities; Social Sciences"
43;21100805777;"Information and Learning Science";journal;"23985348";0,688;Q1;32;36;178;2103;569;168;4,01;58,42;United Kingdom;Western Europe;"Emerald Group Publishing Ltd.";"2017-2021";"Library and Information Sciences (Q1); Computer Science Applications (Q2); Education (Q2)";"Computer Science; Social Sciences"
44;14060;"Library Quarterly";journal;"00242519, 1549652X";0,679;Q1;40;31;72;1353;118;64;1,40;43,65;United States;Northern America;"University of Chicago";"1946-1947, 1951, 1958, 1979, 1981, 1988-2021";"Library and Information Sciences (Q1)";"Social Sciences"
45;4700152795;"Journal of Library Administration";journal;"01930826";0,673;Q1;29;70;181;1846;228;181;1,35;26,37;United States;Northern America;"Routledge";"1980-2021";"Library and Information Sciences (Q1); Public Administration (Q2)";"Social Sciences"
46;12794;"Journal of Documentation";journal;"00220418";0,632;Q1;67;93;225;5741;495;224;2,15;61,73;United Kingdom;Western Europe;"Emerald Group Publishing Ltd.";"1945-2021";"Library and Information Sciences (Q1); Information Systems (Q2)";"Computer Science; Social Sciences"
47;15386;"Online Information Review";journal;"14684527, 14684535";0,630;Q1;64;100;232;6287;776;227;3,14;62,87;United Kingdom;Western Europe;"Emerald Group Publishing Ltd.";"1980-2021";"Library and Information Sciences (Q1); Computer Science Applications (Q2); Information Systems (Q2)";"Computer Science; Social Sciences"
48;22315;"Personal and Ubiquitous Computing";journal;"16174909, 16174917";0,615;Q1;91;201;310;7676;952;295;3,06;38,19;United Kingdom;Western Europe;"Springer London";"1997-2021";"Library and Information Sciences (Q1); Computer Science Applications (Q2); Hardware and Architecture (Q2); Management Science and Operations Research (Q2)";"Computer Science; Decision Sciences; Social Sciences"
49;14721;"Medical Reference Services Quarterly";journal;"02763869, 15409597";0,585;Q1;24;40;123;506;255;115;1,31;12,65;United States;Northern America;"Routledge";"1982-2021";"Library and Information Sciences (Q1); Health Informatics (Q3)";"Medicine; Social Sciences"
50;15933;"Portal";journal;"15307131, 15312542";0,585;Q1;40;46;122;2185;147;107;1,14;47,50;United States;Northern America;"Johns Hopkins University Press";"2001-2021";"Library and Information Sciences (Q1); Development (Q2)";"Social Sciences"
51;21100329302;"Journal of Information Literacy";journal;"17505968";0,584;Q1;12;30;64;1018;70;51;0,78;33,93;United Kingdom;Western Europe;"";"2014-2021";"Library and Information Sciences (Q1); Education (Q2); E-learning (Q2)";"Social Sciences"
52;145290;"Bottom Line";journal;"0888045X";0,563;Q1;19;10;55;710;193;54;3,39;71,00;United Kingdom;Western Europe;"Emerald Group Publishing Ltd.";"1988-2021";"Library and Information Sciences (Q1); Business, Management and Accounting (miscellaneous) (Q2)";"Business, Management and Accounting; Social Sciences"
53;23842;"Journal of Classification";journal;"01764268, 14321343";0,563;Q1;41;35;105;1365;161;96;1,16;39,00;United States;Northern America;"Springer New York";"1984-2021";"Library and Information Sciences (Q1); Mathematics (miscellaneous) (Q2); Psychology (miscellaneous) (Q2); Statistics, Probability and Uncertainty (Q2)";"Decision Sciences; Mathematics; Psychology; Social Sciences"
54;12709;"Information Technology and Libraries";journal;"07309295, 21635226";0,548;Q1;37;38;124;1054;140;93;1,27;27,74;United States;Northern America;"American Library Association";"1971-1974, 1988-2021";"Library and Information Sciences (Q1); Information Systems (Q2)";"Computer Science; Social Sciences"
55;145600;"International Journal of Law and Information Technology";journal;"09670769, 14643693";0,543;Q1;18;4;40;564;96;40;2,85;141,00;United Kingdom;Western Europe;"Oxford University Press";"1993-2021";"Law (Q1); Library and Information Sciences (Q1)";"Social Sciences"
56;4700152908;"Knowledge Management Research and Practice";journal;"14778238, 14778246";0,541;Q1;42;116;166;7692;592;165;3,61;66,31;United Kingdom;Western Europe;"Taylor and Francis Ltd.";"2006-2021";"Library and Information Sciences (Q1); Business and International Management (Q2); Management Information Systems (Q2); Management of Technology and Innovation (Q2); Strategy and Management (Q2); Management Science and Operations Research (Q3)";"Business, Management and Accounting; Decision Sciences; Social Sciences"
57;15069;"World Patent Information";journal;"01722190";0,540;Q1;33;32;111;1331;204;98;1,76;41,59;United Kingdom;Western Europe;"Elsevier Ltd.";"1979-2021";"Library and Information Sciences (Q1); Computer Science Applications (Q2); Energy Engineering and Power Technology (Q2); Fuel Technology (Q2); Process Chemistry and Technology (Q2); Bioengineering (Q3); Renewable Energy, Sustainability and the Environment (Q3)";"Chemical Engineering; Computer Science; Energy; Social Sciences"
58;4700152789;"Collection Management";journal;"01462679, 15452549";0,536;Q1;19;24;84;618;68;72;0,82;25,75;United States;Northern America;"Routledge";"1976, 1978-1979, 1981-1999, 2001-2021";"Library and Information Sciences (Q1); Strategy and Management (Q2)";"Business, Management and Accounting; Social Sciences"
59;14066;"Library Trends";journal;"15590682, 00242594";0,536;Q1;50;38;116;1718;129;104;0,84;45,21;United States;Northern America;"Johns Hopkins University Press";"1980-2021";"Library and Information Sciences (Q1)";"Social Sciences"
60;21100374356;"Aslib Journal of Information Management";journal;"20503806, 20503814";0,535;Q1;44;58;136;3939;381;131;2,40;67,91;United Kingdom;Western Europe;"Emerald Group Publishing Ltd.";"2014-2021";"Library and Information Sciences (Q1); Information Systems (Q2)";"Computer Science; Social Sciences"
61;19700201446;"New Review of Academic Librarianship";journal;"13614533, 17407834";0,528;Q1;21;36;78;1510;111;73;1,24;41,94;United Kingdom;Western Europe;"Taylor and Francis Ltd.";"1995-2021";"Library and Information Sciences (Q1); E-learning (Q2)";"Social Sciences"
62;145663;"Language Resources and Evaluation";journal;"1574020X";0,521;Q2;54;56;109;2727;286;107;2,15;48,70;Netherlands;Western Europe;"Springer Netherlands";"1996-2002, 2005-2021";"Linguistics and Language (Q1); Education (Q2); Library and Information Sciences (Q2)";"Social Sciences"
63;21100867250;"Journal of Open Research Software";journal;"20499647";0,519;Q2;10;31;90;608;207;90;1,58;19,61;United Kingdom;Western Europe;"Ubiquity Press";"2018-2021";"Information Systems (Q2); Library and Information Sciences (Q2); Software (Q3)";"Computer Science; Social Sciences"
64;21100829144;"Journal of the Australian Library and Information Association";journal;"24750158, 24750166";0,517;Q2;21;37;100;1039;101;84;1,09;28,08;United Kingdom;Western Europe;"Taylor and Francis Ltd.";"2017-2021";"Library and Information Sciences (Q2)";"Social Sciences"
65;23776;"Archivaria";journal;"03186954";0,505;Q2;27;11;40;468;38;35;0,86;42,55;Canada;Northern America;"Association of Canadian Archivists";"1980, 1989-1990, 1996-2021";"Library and Information Sciences (Q2)";"Social Sciences"
66;4700152731;"Public Library Quarterly";journal;"01616846, 15411540";0,496;Q2;17;52;104;2010;133;92;1,49;38,65;United States;Northern America;"Routledge";"1979-1986, 1988-2021";"Library and Information Sciences (Q2)";"Social Sciences"
67;21100801727;"Digital Library Perspectives";journal;"20595816";0,493;Q2;23;41;86;1290;153;80;2,02;31,46;United Kingdom;Western Europe;"Emerald Group Publishing Ltd.";"2016-2021";"Education (Q2); Information Systems (Q2); Library and Information Sciences (Q2)";"Computer Science; Social Sciences"
68;16004;"Reference and User Services Quarterly";journal;"10949054";0,491;Q2;35;8;72;184;69;60;0,77;23,00;United States;Northern America;"American Library Association";"1997-2019";"Information Systems (Q2); Library and Information Sciences (Q2)";"Computer Science; Social Sciences"
69;144644;"Library Management";journal;"01435124";0,489;Q2;36;39;158;1433;215;154;1,25;36,74;United Kingdom;Western Europe;"Emerald Group Publishing Ltd.";"1979-2021";"Library and Information Sciences (Q2)";"Social Sciences"
70;4700152758;"Reference Librarian";journal;"02763877";0,487;Q2;23;15;68;508;88;67;1,09;33,87;United States;Northern America;"Routledge";"1982-2021";"Library and Information Sciences (Q2)";"Social Sciences"
71;4700152782;"College and Undergraduate Libraries";journal;"10691316, 15452530";0,485;Q2;21;44;53;1022;78;52;0,54;23,23;United States;Northern America;"Routledge";"1994-2004, 2006-2021";"Education (Q2); Library and Information Sciences (Q2); E-learning (Q3)";"Social Sciences"
72;19700170495;"LIBER Quarterly";journal;"14355205";0,479;Q2;17;6;61;177;92;59;1,78;29,50;Netherlands;Western Europe;"";"1999-2021";"Library and Information Sciences (Q2)";"Social Sciences"
73;6400153106;"Information Development";journal;"17416469, 02666669";0,468;Q2;29;127;160;7223;390;143;2,56;56,87;United Kingdom;Western Europe;"SAGE Publications Ltd";"1985-2021";"Library and Information Sciences (Q2)";"Social Sciences"
74;144908;"Library Hi Tech";journal;"07378831";0,467;Q2;41;138;195;7401;440;189;2,14;53,63;United Kingdom;Western Europe;"Emerald Group Publishing Ltd.";"1983-2021";"Library and Information Sciences (Q2); Information Systems (Q3)";"Computer Science; Social Sciences"
75;144979;"Records Management Journal";journal;"09565698";0,466;Q2;21;12;71;610;106;69;1,25;50,83;United Kingdom;Western Europe;"Emerald Group Publishing Ltd.";"1989-1991, 1994-2021";"Library and Information Sciences (Q2); Management Information Systems (Q2)";"Business, Management and Accounting; Social Sciences"
76;18735;"Accountability in Research";journal;"15455815, 08989621";0,456;Q2;31;63;101;2664;250;75;2,65;42,29;United Kingdom;Western Europe;"Taylor and Francis Ltd.";"1989-2021";"Education (Q2); Library and Information Sciences (Q2); Medicine (miscellaneous) (Q3)";"Medicine; Social Sciences"
77;15420;"Electronic Library";journal;"02640473";0,443;Q2;41;43;202;1864;429;200;2,03;43,35;United Kingdom;Western Europe;"Emerald Group Publishing Ltd.";"1983-2021";"Library and Information Sciences (Q2); Computer Science Applications (Q3)";"Computer Science; Social Sciences"
78;145200;"International Journal on Digital Libraries";journal;"14325012, 14321300";0,438;Q2;34;35;81;1544;144;73;1,60;44,11;Germany;Western Europe;"Springer Verlag";"1997-1998, 2000, 2004-2010, 2012-2021";"Library and Information Sciences (Q2)";"Social Sciences"
79;21100888812;"Journal of Data and Information Science";journal;"2096157X";0,433;Q2;9;33;85;1481;166;82;1,89;44,88;Poland;Eastern Europe;"De Gruyter Open Ltd.";"2016, 2018-2021";"Information Systems and Management (Q2); Library and Information Sciences (Q2); Public Administration (Q2)";"Decision Sciences; Social Sciences"
80;21100814051;"Information Discovery and Delivery";journal;"23986247";0,427;Q2;17;48;74;2619;154;71;2,25;54,56;United Kingdom;Western Europe;"Emerald Group Publishing Ltd.";"2017-2021";"Computer Science (miscellaneous) (Q2); Library and Information Sciences (Q2)";"Computer Science; Social Sciences"
81;21100836334;"Publications";journal;"23046775";0,399;Q2;18;54;167;3386;329;152;2,13;62,70;Switzerland;Western Europe;"MDPI AG";"2013-2021";"Business and International Management (Q2); Communication (Q2); Library and Information Sciences (Q2); Media Technology (Q2); Computer Science Applications (Q3)";"Business, Management and Accounting; Computer Science; Engineering; Social Sciences"
82;21100801725;"VINE Journal of Information and Knowledge Management Systems";journal;"20595891";0,399;Q2;33;84;130;7344;405;130;2,77;87,43;United Kingdom;Western Europe;"Emerald Group Publishing Ltd.";"2016-2021";"Library and Information Sciences (Q2); Management of Technology and Innovation (Q2); Computer Networks and Communications (Q3); Computer Science Applications (Q3); Information Systems (Q3)";"Business, Management and Accounting; Computer Science; Social Sciences"
83;19400158815;"Communications in Information Literacy";journal;"19335954";0,391;Q2;18;11;49;356;42;44;0,97;32,36;United States;Northern America;"Communications in Information Literacy";"2009-2021";"Education (Q2); Library and Information Sciences (Q2); E-learning (Q3)";"Social Sciences"
84;11500153514;"Revista Espanola de Documentacion Cientifica";journal;"02100614, 19884621";0,386;Q2;21;30;89;1404;126;89;1,31;46,80;Spain;Western Europe;"CSIC Consejo Superior de Investigaciones Cientificas";"1984, 2008-2021";"Library and Information Sciences (Q2)";"Social Sciences"
85;21100970313;"Information Sciences Letters";journal;"2090956X, 20909551";0,375;Q2;7;53;40;1496;90;40;2,25;28,23;United States;Northern America;"Natural Sciences Publishing";"2019-2021";"Library and Information Sciences (Q2); Applied Mathematics (Q3); Computer Science Applications (Q3)";"Computer Science; Mathematics; Social Sciences"
86;25547;"Interacting with Computers";journal;"18737951, 09535438";0,373;Q2;86;20;102;1226;211;102;2,19;61,30;United Kingdom;Western Europe;"Oxford University Press";"1989-2021";"Library and Information Sciences (Q2); Human-Computer Interaction (Q3); Software (Q3)";"Computer Science; Social Sciences"
87;19470;"Information Resources Management Journal";journal;"15337979, 10401628";0,365;Q2;43;20;51;1554;85;51;1,29;77,70;United States;Northern America;"IGI Publishing";"1988-2021";"Business and International Management (Q2); Library and Information Sciences (Q2); Strategy and Management (Q3)";"Business, Management and Accounting; Social Sciences"
88;21100895684;"Global Knowledge, Memory and Communication";journal;"25149350, 25149342";0,363;Q2;33;84;145;5451;248;143;1,65;64,89;United Kingdom;Western Europe;"Emerald Group Publishing Ltd.";"2018-2021";"Library and Information Sciences (Q2)";"Social Sciences"
89;12690;"Information Research";journal;"13681613";0,359;Q2;53;23;113;1410;131;107;1,04;61,30;Sweden;Western Europe;"Thomas Daniel Wilson";"1996-2021";"Library and Information Sciences (Q2)";"Social Sciences"
90;16800154717;"IFLA Journal";journal;"03400352, 17452651";0,347;Q2;22;68;82;2783;103;74;1,21;40,93;United Kingdom;Western Europe;"SAGE Publications Ltd";"1975-2021";"Library and Information Sciences (Q2)";"Social Sciences"
91;21100199774;"Evidence Based Library and Information Practice";journal;"1715720X";0,343;Q2;15;55;185;945;97;175;0,62;17,18;Canada;Northern America;"University of Alberta";"2011-2021";"Library and Information Sciences (Q2)";"Social Sciences"
92;8300153137;"International Journal of Metadata, Semantics and Ontologies";journal;"1744263X, 17442621";0,343;Q2;21;11;50;378;50;50;0,92;34,36;United Kingdom;Western Europe;"Inderscience Enterprises Ltd";"2006-2021";"Library and Information Sciences (Q2); Computer Science Applications (Q3); E-learning (Q3); Information Systems (Q3)";"Computer Science; Social Sciences"
93;19700181431;"Journal of Decision Systems";journal;"21167052, 12460125";0,341;Q2;25;42;114;2892;216;113;1,57;68,86;United Kingdom;Western Europe;"Taylor and Francis Ltd.";"1992-2021";"Library and Information Sciences (Q2); Management Information Systems (Q3); Software (Q3)";"Business, Management and Accounting; Computer Science; Social Sciences"
94;144673;"Performance Measurement and Metrics";journal;"14678047";0,341;Q2;22;14;49;457;65;48;1,47;32,64;United Kingdom;Western Europe;"Emerald Group Publishing Ltd.";"2000-2021";"Literature and Literary Theory (Q1); Library and Information Sciences (Q2)";"Arts and Humanities; Social Sciences"
95;145356;"Library Hi Tech News";journal;"07419058";0,334;Q2;20;44;136;741;149;125;1,16;16,84;United Kingdom;Western Europe;"Emerald Group Publishing Ltd.";"1999-2021";"Library and Information Sciences (Q2); Information Systems (Q3)";"Computer Science; Social Sciences"
96;21100857955;"Data Technologies and Applications";journal;"25149288";0,332;Q2;29;42;101;2174;209;98;2,10;51,76;United Kingdom;Western Europe;"Emerald Group Publishing Ltd.";"2018-2021";"Library and Information Sciences (Q2); Information Systems (Q3)";"Computer Science; Social Sciences"
97;7600153106;"Malaysian Journal of Library and Information Science";journal;"13946234";0,332;Q2;26;18;60;816;88;60;1,70;45,33;Malaysia;Asiatic Region;"Faculty of Computer Science and Information Technology";"1996-2021";"Library and Information Sciences (Q2)";"Social Sciences"
98;21100857424;"SCIRES-IT";journal;"22394303";0,324;Q2;6;28;82;765;74;77;0,82;27,32;Italy;Western Europe;"Caspur-Ciber Publishing";"2016-2021";"Conservation (Q1); Library and Information Sciences (Q2); Computer Networks and Communications (Q3); Computer Science Applications (Q3); Information Systems (Q3)";"Arts and Humanities; Computer Science; Social Sciences"
99;21100242609;"Insights: the UKSG Journal";journal;"20487754";0,313;Q2;15;29;92;1041;87;81;1,10;35,90;United Kingdom;Western Europe;"United Kingdom Serials Group";"2012-2021";"Library and Information Sciences (Q2)";"Social Sciences"
100;4700152763;"Public Services Quarterly";journal;"15229114, 15228959";0,312;Q2;16;31;77;322;63;70;0,91;10,39;United States;Northern America;"Routledge";"2002-2003, 2006-2021";"Library and Information Sciences (Q2); Accounting (Q3); Public Administration (Q3)";"Business, Management and Accounting; Social Sciences"
101;21101051215;"Scholarly Assessment Reports";journal;"26895870";0,303;Q2;3;6;12;307;23;11;1,92;51,17;United States;Northern America;"Levy Library Press";"2019-2021";"Communication (Q2); Library and Information Sciences (Q2)";"Social Sciences"
102;5600155499;"Canadian Journal of Program Evaluation";journal;"08341516";0,302;Q2;17;36;87;989;47;71;0,66;27,47;Canada;Northern America;"Canadian Journal of Program Evaluation";"2005-2010, 2012-2021";"Library and Information Sciences (Q2)";"Social Sciences"
103;12749;"International Information and Library Review";journal;"10959297, 10572317";0,300;Q2;27;32;110;1032;131;110;1,45;32,25;United Kingdom;Western Europe;"Taylor and Francis Ltd.";"1992-2021";"Library and Information Sciences (Q2); E-learning (Q4)";"Social Sciences"
104;145510;"Libri";journal;"00242667";0,300;Q2;27;33;73;1754;81;73;0,69;53,15;Germany;Western Europe;"Walter de Gruyter";"1950, 1953-1956, 1958-2021";"Library and Information Sciences (Q2)";"Social Sciences"
105;19900191876;"Transinformacao";journal;"01033786";0,295;Q2;9;15;80;530;64;79;0,51;35,33;Brazil;Latin America;"Pontificia Universidade Catolica de Campinas";"2010-2021";"Museology (Q1); Communication (Q2); Library and Information Sciences (Q2); Information Systems (Q3)";"Arts and Humanities; Computer Science; Social Sciences"
106;21100945719;"International Journal of Media and Information Literacy";journal;"2500106X";0,294;Q2;5;43;39;1682;81;39;2,16;39,12;Slovakia;Eastern Europe;"Academic Publishing House Researcher s.r.o.";"2016-2021";"Communication (Q2); Library and Information Sciences (Q2); Education (Q3)";"Social Sciences"
107;5800207822;"Terminology";journal;"15699994, 09299971";0,291;Q2;25;12;33;596;46;32;1,29;49,67;Netherlands;Western Europe;"John Benjamins Publishing Company";"1994-1998, 2000-2021";"Communication (Q2); Library and Information Sciences (Q2); Linguistics and Language (Q2)";"Social Sciences"
108;21100212132;"DESIDOC Journal of Library and Information Technology";journal;"09740643, 09764658";0,288;Q2;16;59;168;1579;276;164;1,67;26,76;India;Asiatic Region;"Defence Scientific Information &amp; Documentation Centre (DESIDOC)";"2012-2021";"Library and Information Sciences (Q2)";"Social Sciences"
109;21100264483;"Cuadernos.info";journal;"0719367X, 07193661";0,285;Q2;11;26;83;1163;60;79;0,62;44,73;Chile;Latin America;"Facultad de Comunicaciones de la Pontificia Universidad Catolica de Chile";"2013-2021";"Communication (Q2); Library and Information Sciences (Q2)";"Social Sciences"
110;21100837856;"School Library Research";journal;"21651019";0,284;Q2;14;8;17;310;16;17;1,00;38,75;United States;Northern America;"American Association of School Librarians";"2014-2021";"Library and Information Sciences (Q2); Media Technology (Q2)";"Engineering; Social Sciences"
111;21100829944;"Journal of Education for Library and Information Science";journal;"07485786, 23282967";0,278;Q2;6;1;69;52;67;60;1,13;52,00;Canada;Northern America;"University of Toronto Press";"2017-2020";"Library and Information Sciences (Q2); Education (Q3)";"Social Sciences"
112;4700152748;"Journal of Electronic Resources in Medical Libraries";journal;"15424065";0,275;Q2;13;19;48;270;35;48;0,89;14,21;United States;Northern America;"Routledge";"2003-2021";"Library and Information Sciences (Q2); Health (social science) (Q3)";"Social Sciences"
113;21101049621;"Open Information Science";journal;"24511781";0,274;Q2;6;17;51;969;64;51;1,09;57,00;Germany;Western Europe;"Walter de Gruyter GmbH";"2017-2021";"Library and Information Sciences (Q2)";"Social Sciences"
114;12492;"Journal of Information Science and Engineering";journal;"10162364";0,269;Q2;39;88;248;2378;294;248;1,50;27,02;Taiwan;Asiatic Region;"Institute of Information Science";"1993-1994, 1996-2021";"Library and Information Sciences (Q2); Computational Theory and Mathematics (Q4); Hardware and Architecture (Q4); Human-Computer Interaction (Q4); Software (Q4)";"Computer Science; Social Sciences"
115;4700152796;"Journal of Interlibrary Loan, Document Delivery and Electronic Reserve";journal;"1072303X, 15403572";0,268;Q2;12;13;21;156;13;21;0,64;12,00;United States;Northern America;"Routledge";"1994, 1996-1997, 2000, 2002-2003, 2005-2021";"Library and Information Sciences (Q2)";"Social Sciences"
116;145258;"Informing Science";journal;"15214672, 15479684";0,266;Q2;25;8;34;416;37;33;0,94;52,00;United States;Northern America;"Informing Science Institute";"1997-2021";"Library and Information Sciences (Q2)";"Social Sciences"
117;16611;"Serials Review";journal;"00987913";0,262;Q2;24;32;141;406;64;130;0,51;12,69;United Kingdom;Western Europe;"Taylor and Francis Ltd.";"1973, 1975-2021";"Library and Information Sciences (Q2)";"Social Sciences"
118;19700182210;"Library Leadership and Management";journal;"19458851, 1945886X";0,254;Q2;12;0;62;0;21;56;0,22;0,00;United States;Northern America;"American Library Association";"2009-2020";"Library and Information Sciences (Q2); Strategy and Management (Q3)";"Business, Management and Accounting; Social Sciences"
119;4700152802;"Journal of Business and Finance Librarianship";journal;"15470644, 08963568";0,251;Q2;18;27;48;761;39;48;0,57;28,19;United States;Northern America;"Routledge";"1990-1992, 1994, 1996-2021";"Library and Information Sciences (Q2); Management Information Systems (Q3); Marketing (Q3); E-learning (Q4)";"Business, Management and Accounting; Social Sciences"
120;21100241768;"Preservation, Digital Technology and Culture";journal;"21952965";0,251;Q2;6;8;55;332;38;47;0,88;41,50;Germany;Western Europe;"Walter de Gruyter GmbH";"2013-2021";"Conservation (Q2); Library and Information Sciences (Q2); Computer Science Applications (Q4)";"Arts and Humanities; Computer Science; Social Sciences"
121;16610;"Serials Librarian";journal;"15411095, 0361526X";0,245;Q2;18;49;177;0;93;167;0,53;0,00;United States;Northern America;"Routledge";"1977-2021";"Library and Information Sciences (Q2)";"Social Sciences"
122;12085;"American Archivist";journal;"03609081";0,244;Q2;29;20;47;212;29;45;0,68;10,60;United States;Northern America;"Society of American Archivists";"1938-2019, 2021";"Arts and Humanities (miscellaneous) (Q2); Library and Information Sciences (Q2)";"Arts and Humanities; Social Sciences"
123;14239;"College and Research Libraries News";journal;"21506698, 00990086";0,242;Q3;23;90;345;479;93;187;0,25;5,32;United States;Northern America;"Association of College and Research Libraries";"1996-2021";"Education (Q3); Library and Information Sciences (Q3)";"Social Sciences"
124;5400152654;"Journal of Access Services";journal;"15367967, 15367975";0,241;Q3;12;18;64;388;30;61;0,57;21,56;United States;Northern America;"Routledge";"2002-2021";"Library and Information Sciences (Q3)";"Social Sciences"
125;16568;"Science and Technology Libraries";journal;"0194262X, 15411109";0,236;Q3;21;37;80;1386;109;79;1,24;37,46;United States;Northern America;"Routledge";"1980-2008, 2010-2021";"Library and Information Sciences (Q3)";"Social Sciences"
126;21100898973;"Journal of Statistics Applications and Probability";journal;"20908423, 20908431";0,234;Q3;8;77;117;1783;112;117;0,96;23,16;United States;Northern America;"Natural Sciences Publishing";"2018-2021";"Library and Information Sciences (Q3); Statistical and Nonlinear Physics (Q4); Statistics and Probability (Q4); Statistics, Probability and Uncertainty (Q4)";"Decision Sciences; Mathematics; Physics and Astronomy; Social Sciences"
127;4700152722;"Technical Services Quarterly";journal;"07317131";0,234;Q3;17;52;191;376;48;186;0,25;7,23;United States;Northern America;"Routledge";"1984-2021";"Library and Information Sciences (Q3); Computer Science Applications (Q4)";"Computer Science; Social Sciences"
128;21100224425;"Informacion, Cultura y Sociedad";journal;"15148327, 18511740";0,233;Q3;6;19;64;578;30;59;0,55;30,42;Argentina;Latin America;"Instituto de Investigaciones Bibliotecologicas";"2012-2021";"Library and Information Sciences (Q3)";"Social Sciences"
129;21100201051;"Annals of Library and Information Studies";journal;"09725423, 09752404";0,231;Q3;15;41;74;1188;102;71;1,42;28,98;India;Asiatic Region;"National Institute of Science Communication and Information Resources (NISCAIR)";"2011-2021";"Library and Information Sciences (Q3); Computer Science Applications (Q4)";"Computer Science; Social Sciences"
130;17900156721;"Journal of Electronic Resources Librarianship";journal;"1941126X, 19411278";0,228;Q3;13;28;117;484;59;94;0,51;17,29;United States;Northern America;"Routledge";"2008-2021";"Library and Information Sciences (Q3); Information Systems (Q4)";"Computer Science; Social Sciences"
131;21100255068;"Masaryk University Journal of Law and Technology";journal;"18025951, 18025943";0,228;Q3;5;12;37;536;29;37;0,76;44,67;Czech Republic;Eastern Europe;"Faculty of Law, Masaryk University";"2013-2021";"Law (Q2); Library and Information Sciences (Q3); Computer Science Applications (Q4)";"Computer Science; Social Sciences"
132;4700152770;"Cataloging and Classification Quarterly";journal;"01639374, 0898008X";0,225;Q3;25;54;130;15;60;121;0,33;0,28;United States;Northern America;"Routledge";"1981-2021";"Library and Information Sciences (Q3)";"Social Sciences"
133;21100908544;"Global Intellectual History";journal;"23801883, 23801891";0,225;Q3;5;68;104;3266;23;92;0,22;48,03;United Kingdom;Western Europe;"Taylor and Francis Ltd.";"2016-2021";"History (Q1); Arts and Humanities (miscellaneous) (Q2); Cultural Studies (Q2); Library and Information Sciences (Q3)";"Arts and Humanities; Social Sciences"
134;21100943572;"Journal of the Canadian Health Libraries Association";journal;"17086892";0,223;Q3;3;16;36;405;17;20;0,48;25,31;Canada;Northern America;"Canadian Health Libraries Association";"2018-2021";"Library and Information Sciences (Q3); Medicine (miscellaneous) (Q4)";"Medicine; Social Sciences"
135;21100887535;"Collection and Curation";journal;"25149326";0,222;Q3;19;20;64;743;57;64;1,12;37,15;United Kingdom;Western Europe;"Emerald Group Publishing Ltd.";"2018-2021";"Museology (Q1); Library and Information Sciences (Q3)";"Arts and Humanities; Social Sciences"
136;21100237436;"Journal of Information and Knowledge Management";journal;"02196492, 17936926";0,222;Q3;22;65;175;3305;223;172;1,27;50,85;United States;Northern America;"World Scientific Publishing Co., Inc.";"2002-2021";"Library and Information Sciences (Q3); Computer Networks and Communications (Q4); Computer Science Applications (Q4)";"Computer Science; Social Sciences"
137;25991;"Social Science Information";journal;"05390184, 14617412";0,222;Q3;41;40;101;1873;89;91;0,87;46,83;United Kingdom;Western Europe;"SAGE Publications Ltd";"1962-2021";"Library and Information Sciences (Q3); Social Sciences (miscellaneous) (Q3)";"Social Sciences"
138;19700202714;"Journal of Information and Organizational Sciences";journal;"18463312, 18469418";0,219;Q3;13;29;51;1183;59;45;0,92;40,79;Croatia;Eastern Europe;"University of Zagreb";"2006-2021";"Library and Information Sciences (Q3); Computer Science Applications (Q4); Information Systems (Q4)";"Computer Science; Social Sciences"
139;21100778750;"Proceedings of the Association for Information Science and Technology";journal;"23739231";0,219;Q3;15;1;393;14;240;391;0,63;14,00;United States;Northern America;"John Wiley &amp; Sons Inc.";"2015-2020";"Computer Science (miscellaneous) (Q3); Library and Information Sciences (Q3)";"Computer Science; Social Sciences"
140;21100259129;"Archives and Manuscripts";journal;"01576895, 21646058";0,215;Q3;9;15;77;0;50;61;0,79;0,00;United Kingdom;Western Europe;"Taylor and Francis Ltd.";"2013-2021";"Communication (Q3); Library and Information Sciences (Q3)";"Social Sciences"
141;21100900060;"Tekst, Kniga, Knigoizdaniye";journal;"23062061, 23113774";0,215;Q3;1;26;80;545;6;80;0,08;20,96;Russian Federation;Eastern Europe;"Tomsk State University - Faculty of Philology";"2018-2021";"Visual Arts and Performing Arts (Q1); Communication (Q3); Library and Information Sciences (Q3); Media Technology (Q3); Information Systems (Q4)";"Arts and Humanities; Computer Science; Engineering; Social Sciences"
142;21100925733;"International Journal of Public Administration in the Digital Age";journal;"23344539, 23344520";0,209;Q3;4;11;31;571;23;31;0,74;51,91;United States;Northern America;"IGI Global Publishing";"2019";"Library and Information Sciences (Q3); Computer Science Applications (Q4); Public Administration (Q4)";"Computer Science; Social Sciences"
143;13360;"Knowledge Organization";journal;"09437444";0,209;Q3;29;0;140;0;87;134;0,55;0,00;Germany;Western Europe;"International Society for Knowledge Organization";"1993-2020";"Library and Information Sciences (Q3)";"Social Sciences"
144;19400157009;"Investigacion Bibliotecologica";journal;"0187358X";0,208;Q3;11;35;122;1082;62;120;0,61;30,91;Mexico;Latin America;"Universidad Nacional Autonoma de Mexico";"2008-2021";"Library and Information Sciences (Q3)";"Social Sciences"
145;21100830763;"Journal of Information Science Theory and Practice";journal;"22879099, 22874577";0,208;Q3;6;23;64;954;61;64;0,98;41,48;South Korea;Asiatic Region;"Korea Institute of Science and Technology Information";"2017-2021";"Information Systems and Management (Q3); Library and Information Sciences (Q3); Information Systems (Q4)";"Computer Science; Decision Sciences; Social Sciences"
146;98245;"Library Resources and Technical Services";journal;"00242527";0,206;Q3;25;11;55;296;17;45;0,29;26,91;United States;Northern America;"American Library Association";"1978-1979, 1981-1984, 1988-2021";"Library and Information Sciences (Q3); Information Systems (Q4)";"Computer Science; Social Sciences"
147;21100854118;"Wacana";journal;"14112272, 24076899";0,206;Q3;3;27;64;1134;15;55;0,12;42,00;Indonesia;Asiatic Region;"Faculty of Humanities, University of Indonesia";"2015-2021";"Cultural Studies (Q2); Anthropology (Q3); Arts and Humanities (miscellaneous) (Q3); Library and Information Sciences (Q3)";"Arts and Humanities; Social Sciences"
148;21100983214;"Journal of Scientometric Research";journal;"23200057, 23216654";0,205;Q3;5;59;80;2409;89;78;1,11;40,83;India;Asiatic Region;"Phcog.Net";"2019-2021";"Library and Information Sciences (Q3); Computer Science Applications (Q4); Information Systems (Q4)";"Computer Science; Social Sciences"
149;10700153302;"International Journal of Data Mining and Bioinformatics";journal;"17485681, 17485673";0,197;Q3;23;7;102;226;55;102;0,47;32,29;United Kingdom;Western Europe;"Inderscience Enterprises Ltd.";"2006-2021";"Biochemistry, Genetics and Molecular Biology (miscellaneous) (Q3); Library and Information Sciences (Q3); Information Systems (Q4)";"Biochemistry, Genetics and Molecular Biology; Computer Science; Social Sciences"
150;15135;"Information Services and Use";journal;"01675265, 18758789";0,196;Q3;20;18;92;287;49;87;0,44;15,94;Netherlands;Western Europe;"IOS Press BV";"1981-2020";"Library and Information Sciences (Q3); Computer Science Applications (Q4); Information Systems (Q4)";"Computer Science; Social Sciences"
151;21100836108;"Knowledge Cultures";journal;"23756527, 23275731";0,193;Q3;12;22;81;875;70;77;1,07;39,77;United States;Northern America;"Addleton Academic Publishers";"2013-2021";"Literature and Literary Theory (Q1); Cultural Studies (Q2); History (Q2); Philosophy (Q2); Law (Q3); Library and Information Sciences (Q3); Sociology and Political Science (Q3); Education (Q4)";"Arts and Humanities; Social Sciences"
152;19700180555;"Vjesnik Bibliotekara Hrvatske";journal;"05071925, 13346938";0,193;Q3;6;37;117;1087;29;109;0,27;29,38;Croatia;Eastern Europe;"Hrvatsko Knjiznicarsko Drustvo";"2009-2021";"Library and Information Sciences (Q3)";"Social Sciences"
153;21100312401;"Revista Cubana de Informacion en Ciencias de la Salud";journal;"23072113";0,189;Q3;13;37;127;1039;61;105;0,57;28,08;Cuba;Latin America;"Centro Nacional De Informacion De Ciencias Medicas";"2013-2021";"Library and Information Sciences (Q3); Health Information Management (Q4); Health Policy (Q4)";"Health Professions; Medicine; Social Sciences"
154;21100241782;"Ibersid";journal;"2174081X, 18880967";0,188;Q3;4;11;40;299;15;40;0,30;27,18;Spain;Western Europe;"Universidad de Zaragoza";"2012-2021";"Communication (Q3); Library and Information Sciences (Q3); Computer Networks and Communications (Q4); Information Systems (Q4)";"Computer Science; Social Sciences"
155;11700154713;"Perspectivas em Ciencia da Informacao";journal;"19815344, 14139936";0,186;Q3;10;32;139;1054;30;139;0,24;32,94;Brazil;Latin America;"Escola de Ciencia da Informacao da UFMG";"2008-2021";"Museology (Q2); Communication (Q3); Library and Information Sciences (Q3); Information Systems (Q4)";"Arts and Humanities; Computer Science; Social Sciences"
156;4700152804;"Internet Reference Services Quarterly";journal;"15404749, 10875301";0,184;Q3;21;10;20;212;11;19;0,40;21,20;United States;Northern America;"Routledge";"1996-2002, 2004-2018, 2020-2021";"Library and Information Sciences (Q3); E-learning (Q4)";"Social Sciences"
157;4700152762;"Journal of Archival Organization";journal;"15332748, 15332756";0,181;Q3;13;5;41;69;12;36;0,34;13,80;United States;Northern America;"Routledge";"2002, 2004-2014, 2016-2021";"Library and Information Sciences (Q3)";"Social Sciences"
158;21100448566;"Journal of Information Technology Teaching Cases";journal;"20438869";0,181;Q3;7;33;53;447;45;53;0,72;13,55;Switzerland;Western Europe;"Springer International Publishing AG";"2014-2021";"Library and Information Sciences (Q3); Education (Q4)";"Social Sciences"
159;19700182724;"Revista General de Informacion y Documentacion";journal;"19882858, 11321873";0,179;Q3;7;39;81;1354;50;81;0,18;34,72;Spain;Western Europe;"Universidad Complutense Madrid";"2009-2021";"Library and Information Sciences (Q3)";"Social Sciences"
160;4700152734;"Journal of Hospital Librarianship";journal;"15323269";0,175;Q3;10;38;116;722;43;103;0,34;19,00;United States;Northern America;"Taylor and Francis Ltd.";"2001-2021";"Library and Information Sciences (Q3); Medicine (miscellaneous) (Q4)";"Medicine; Social Sciences"
161;21100815354;"JLIS.it";journal;"20381026, 20385366";0,174;Q3;6;30;105;277;36;103;0,38;9,23;Italy;Western Europe;"Universita di Firenze, Dipartimento di Storia, Archeologia, Geografia, Arte e Spettacolo";"2017-2021";"Conservation (Q2); Library and Information Sciences (Q3); Computer Science Applications (Q4)";"Arts and Humanities; Computer Science; Social Sciences"
162;21101039230;"International Journal of Information, Diversity and Inclusion";journal;"25743430";0,172;Q3;2;26;19;1046;6;17;0,32;40,23;United States;Northern America;"University of Hawaii at Manoa";"2020-2021";"Library and Information Sciences (Q3); Social Sciences (miscellaneous) (Q3)";"Social Sciences"
163;21100245913;"Bilgi Dunyasi";journal;"13023217";0,160;Q3;4;13;40;692;15;39;0,23;53,23;Turkey;Middle East;"University and Research Librarians Association, ankara";"2013-2021";"Library and Information Sciences (Q3)";"Social Sciences"
164;145292;"Development and Learning in Organizations";journal;"14777282";0,158;Q3;17;103;241;271;107;222;0,47;2,63;United Kingdom;Western Europe;"Emerald Group Publishing Ltd.";"2003-2021";"Library and Information Sciences (Q3); Organizational Behavior and Human Resource Management (Q4)";"Business, Management and Accounting; Social Sciences"
165;5800208091;"Information Design Journal";journal;"01425471";0,154;Q3;20;11;54;460;16;41;0,41;41,82;Netherlands;Western Europe;"John Benjamins Publishing Company";"1979-1984, 1986-1987, 1989-1991, 1993-1996, 1998, 2000-2011, 2013-2014, 2016-2019, 2021";"Library and Information Sciences (Q3)";"Social Sciences"
166;21100791249;"Pakistan Journal of Information Management and Libraries";journal;"24097462";0,154;Q3;10;0;17;0;12;16;0,40;0,00;Pakistan;Asiatic Region;"Department of Information Management, University of the Punjab";"2014-2020";"Library and Information Sciences (Q3); Computer Science Applications (Q4)";"Computer Science; Social Sciences"
167;21100945165;"Acta Informatica Pragensia";journal;"18054951";0,153;Q3;3;22;20;1148;23;19;1,15;52,18;Czech Republic;Eastern Europe;"Prague University of Economics and Business";"2019-2021";"Library and Information Sciences (Q3); Computer Science Applications (Q4); Information Systems (Q4); Management Information Systems (Q4)";"Business, Management and Accounting; Computer Science; Social Sciences"
168;21100942831;"Bibliotecas, Anales de Investigacion";journal;"16838947, 0006176X";0,150;Q3;3;8;53;119;17;48;0,32;14,88;Cuba;Latin America;"Biblioteca Nacional de Cuba Jose Marti";"2019-2021";"Library and Information Sciences (Q3)";"Social Sciences"
169;19400156823;"Issues in Science and Technology Librarianship";journal;"10921206";0,149;Q3;16;16;66;168;26;58;0,47;10,50;United States;Northern America;"Association of College and Research Libraries";"2009-2020";"Library and Information Sciences (Q3); Engineering (miscellaneous) (Q4)";"Engineering; Social Sciences"
170;19700182685;"Journal of Library Metadata";journal;"19375034, 19386389";0,149;Q3;16;3;34;58;19;34;0,56;19,33;United Kingdom;Western Europe;"Taylor and Francis Ltd.";"2008-2021";"Library and Information Sciences (Q3); E-learning (Q4)";"Social Sciences"
171;14000156125;"Language Documentation and Conservation";journal;"19345275";0,149;Q3;7;6;31;604;21;31;0,40;100,67;United States;Northern America;"University of Hawaii Press";"2016-2021";"Library and Information Sciences (Q3); Linguistics and Language (Q3); Computer Science Applications (Q4)";"Computer Science; Social Sciences"
172;21100200830;"International Journal of Information Science and Management";journal;"20088310, 20088302";0,148;Q3;12;26;64;918;28;64;0,38;35,31;Iran;Middle East;"Regional Information Center for Science and Technology";"2008-2021";"Library and Information Sciences (Q3); Information Systems and Management (Q4); Management Information Systems (Q4); Statistics, Probability and Uncertainty (Q4)";"Business, Management and Accounting; Decision Sciences; Social Sciences"
173;21100226830;"BiD";journal;"15755886";0,146;Q3;8;24;115;598;22;115;0,11;24,92;Spain;Western Europe;"Universitat de Barcelona";"2012-2021";"Library and Information Sciences (Q3)";"Social Sciences"
174;21100346235;"AIB Studi";journal;"22396152, 22809112";0,145;Q3;6;13;85;293;15;77;0,09;22,54;Italy;Western Europe;"Associazione Italiana Biblioteche";"2014-2020";"Library and Information Sciences (Q3)";"Social Sciences"
175;13964;"Library";journal;"17448581, 00242160";0,145;Q3;13;19;51;726;14;47;0,35;38,21;United Kingdom;Western Europe;"Oxford University Press";"1889-1899, 1901-2021";"Arts and Humanities (miscellaneous) (Q3); Library and Information Sciences (Q3)";"Arts and Humanities; Social Sciences"
176;21100834359;"Methis";journal;"17366852, 22284745";0,145;Q3;3;14;57;434;6;43;0,13;31,00;Estonia;Eastern Europe;"University of Tartu Press";"2017-2019";"Literature and Literary Theory (Q1); Cultural Studies (Q2); Visual Arts and Performing Arts (Q2); Library and Information Sciences (Q3)";"Arts and Humanities; Social Sciences"
177;19600166417;"Script and Print";journal;"18349013";0,142;Q3;4;0;34;0;1;14;0,04;0,00;Australia;Pacific Region;"Australian and New Zealand Student Services Association";"2008-2020";"Literature and Literary Theory (Q1); Visual Arts and Performing Arts (Q2); Library and Information Sciences (Q3)";"Arts and Humanities; Social Sciences"
178;21100898016;"Digital Humanities Quarterly";journal;"19384122";0,140;Q3;3;48;69;1802;22;66;0,34;37,54;United States;Northern America;"";"2018";"Arts and Humanities (miscellaneous) (Q3); Communication (Q3); Library and Information Sciences (Q3); Computer Networks and Communications (Q4)";"Arts and Humanities; Computer Science; Social Sciences"
179;21100805737;"IC Revista Cientifica de Informacion y Comunicacion";journal;"21731071, 16962508";0,140;Q3;3;22;45;870;7;44;0,20;39,55;Spain;Western Europe;"Universidad de Sevilla";"2016-2018, 2020";"Cultural Studies (Q2); Communication (Q3); Library and Information Sciences (Q3); Linguistics and Language (Q3)";"Social Sciences"
180;17500155021;"Grey Journal";journal;"1574180X, 15741796";0,139;Q3;6;0;88;0;36;74;0,58;0,00;Netherlands;Western Europe;"GreyNet";"2009-2020";"Library and Information Sciences (Q3)";"Social Sciences"
181;21100886541;"Knygotyra";journal;"23450053, 02042061";0,139;Q3;2;25;77;943;10;74;0,09;37,72;Lithuania;Eastern Europe;"Vilnius University Press";"2018-2021";"Literature and Literary Theory (Q2); Communication (Q3); Library and Information Sciences (Q3)";"Arts and Humanities; Social Sciences"
182;21101038721;"Data Analysis and Knowledge Discovery";journal;"20963467";0,138;Q4;3;106;137;3558;68;137;0,50;33,57;China;Asiatic Region;"Chinese Academy of Sciences";"2020-2021";"Artificial Intelligence (Q4); Computer Science Applications (Q4); Information Systems (Q4); Library and Information Sciences (Q4)";"Computer Science; Social Sciences"
183;21100916534;"Journal of Library and Information Studies";journal;"16067509, 23099119";0,136;Q4;2;14;24;515;6;24;0,25;36,79;Taiwan;Asiatic Region;"National Taiwan University, Department of Library and Information Science";"2019-2021";"Library and Information Sciences (Q4)";"Social Sciences"
184;21101039156;"Encontros Bibli";journal;"15182924";0,133;Q4;1;34;64;1057;6;62;0,09;31,09;Brazil;Latin America;"Universidade Federal de Santa Catarina";"2020-2021";"Information Systems (Q4); Library and Information Sciences (Q4); Management Information Systems (Q4)";"Business, Management and Accounting; Computer Science; Social Sciences"
185;17800156797;"VOEB-Mitteilungen";journal;"10222588";0,133;Q4;4;18;153;109;30;142;0,20;6,06;Austria;Western Europe;"";"2009-2021";"Library and Information Sciences (Q4)";"Social Sciences"
186;300147004;"Journal of Educational Media and Library Sciences";journal;"1013090X";0,132;Q4;8;13;45;445;16;39;0,32;34,23;Taiwan;Asiatic Region;"Tamkang University";"2005-2021";"Archeology (arts and humanities) (Q3); Conservation (Q3); Information Systems (Q4); Library and Information Sciences (Q4)";"Arts and Humanities; Computer Science; Social Sciences"
187;19700182410;"African Journal of Library Archives and Information Science";journal;"07954778";0,130;Q4;10;18;23;598;14;23;0,61;33,22;Nigeria;Africa;"Archlib and Information Services Ltd";"2008-2012, 2014-2017, 2019-2021";"Library and Information Sciences (Q4)";"Social Sciences"
188;21101048046;"Information and Culture";journal;"21663033, 21648034";0,130;Q4;12;13;43;1388;10;42;0,19;106,77;United States;Northern America;"University of Texas Press";"2012-2021";"History (Q2); Conservation (Q3); Library and Information Sciences (Q4)";"Arts and Humanities; Social Sciences"
189;21100820204;"Manuscripta Orientalia";journal;"24153613, 12385018";0,130;Q4;3;8;51;196;12;50;0,25;24,50;Russian Federation;Eastern Europe;"Thesa Publishers";"2016-2020";"Literature and Literary Theory (Q2); Cultural Studies (Q3); Linguistics and Language (Q3); Library and Information Sciences (Q4)";"Arts and Humanities; Social Sciences"
190;21100888590;"Revista Interamericana de Bibliotecologia";journal;"25389866, 01200976";0,130;Q4;9;16;82;402;14;78;0,23;25,13;Colombia;Latin America;"Escuela Interamericana de Bibliotecologia";"2000-2021";"Library and Information Sciences (Q4)";"Social Sciences"
191;21100427626;"East Asian Publishing and Society";journal;"22106278, 22106286";0,125;Q4;4;5;15;289;3;15;0,11;57,80;Netherlands;Western Europe;"Brill Academic Publishers";"2011-2021";"Media Technology (Q3); Communication (Q4); Library and Information Sciences (Q4)";"Engineering; Social Sciences"
192;13399;"Law Library Journal";journal;"00239283";0,125;Q4;17;0;39;0;6;37;0,14;0,00;United States;Northern America;"American Association of Law Libraries";"1978, 1987-2020";"Law (Q4); Library and Information Sciences (Q4)";"Social Sciences"
193;23018;"Logos (Netherlands)";journal;"18784712, 09579656";0,125;Q4;8;19;61;317;10;49;0,21;16,68;Netherlands;Western Europe;"Brill Academic Publishers";"1994, 1996-2021";"Literature and Literary Theory (Q2); Media Technology (Q3); Communication (Q4); Computer Science Applications (Q4); Education (Q4); Library and Information Sciences (Q4)";"Arts and Humanities; Computer Science; Engineering; Social Sciences"
194;4700152422;"Journal of Map and Geography Libraries";journal;"15420353, 15420361";0,123;Q4;14;6;37;222;8;30;0,19;37,00;United States;Northern America;"Routledge";"2004-2007, 2009-2021";"Library and Information Sciences (Q4)";"Social Sciences"
195;21100936713;"Manuscript Studies";journal;"23801190, 23815329";0,123;Q4;3;13;48;734;14;48;0,15;56,46;United States;Northern America;"University of Pennsylvania Press";"2016-2021";"Literature and Literary Theory (Q2); Conservation (Q3); Library and Information Sciences (Q4)";"Arts and Humanities; Social Sciences"
196;14076;"Libres";journal;"10586768";0,121;Q4;12;11;16;435;7;16;0,40;39,55;Australia;Pacific Region;"Curtin University of Technology";"1996-2021";"Library and Information Sciences (Q4)";"Social Sciences"
197;5900152801;"Art Documentation";journal;"21619417, 07307187";0,118;Q4;5;22;57;89;7;57;0,15;4,05;United States;Northern America;"University of Chicago Press";"2015-2021";"Visual Arts and Performing Arts (Q2); Archeology (arts and humanities) (Q3); Library and Information Sciences (Q4)";"Arts and Humanities; Social Sciences"
198;14773;"Information-Wissenschaft und Praxis";journal;"14344653, 16194292";0,115;Q4;10;39;131;632;10;126;0,09;16,21;Germany;Western Europe;"Walter de Gruyter GmbH";"1997-2021";"Information Systems (Q4); Library and Information Sciences (Q4)";"Computer Science; Social Sciences"
199;13413;"Legal Reference Services Quarterly";journal;"0270319X, 1540949X";0,114;Q4;7;6;32;0;5;32;0,25;0,00;United States;Northern America;"Taylor and Francis Ltd.";"1981-2021";"Law (Q4); Library and Information Sciences (Q4)";"Social Sciences"
200;6000167588;"Archives";journal;"00039535";0,113;Q4;2;5;19;189;3;18;0,21;37,80;United Kingdom;Western Europe;"British Records Association";"2011-2020";"History (Q3); Library and Information Sciences (Q4)";"Arts and Humanities; Social Sciences"
201;12810;"Journal of Information Ethics";journal;"10619321";0,113;Q4;12;0;13;0;2;10;0,08;0,00;United States;Northern America;"McFarland and Company, Inc";"1992, 1994, 1996-2019";"Philosophy (Q3); Library and Information Sciences (Q4)";"Arts and Humanities; Social Sciences"
202;21100901898;"Revista Digital de Biblioteconomia e Ciencia da Informacao";journal;"1678765X";0,113;Q4;3;34;117;1188;12;117;0,08;34,94;Brazil;Latin America;"Universidade Estadual de Campinas";"2018-2021";"Education (Q4); Information Systems (Q4); Library and Information Sciences (Q4); Public Administration (Q4)";"Computer Science; Social Sciences"
203;21100805799;"Boletim do Arquivo da Universidade de Coimbra";journal;"21827974, 08725632";0,112;Q4;3;12;23;265;2;20;0,08;22,08;Portugal;Western Europe;"Imprensa da Universidade de Coimbra";"2016-2021";"Conservation (Q3); Library and Information Sciences (Q4)";"Arts and Humanities; Social Sciences"
204;23739;"Quaerendo";journal;"00149527, 15700690";0,112;Q4;7;14;43;669;5;40;0,11;47,79;Netherlands;Western Europe;"Brill Academic Publishers";"1971-1979, 1981-1985, 1987-2021";"History (Q3); Library and Information Sciences (Q4)";"Arts and Humanities; Social Sciences"
205;12881;"Behavioral and Social Sciences Librarian";journal;"01639269, 15444546";0,110;Q4;16;0;3;0;1;3;0,33;0,00;United States;Northern America;"Routledge";"1979-2002, 2004-2017, 2019-2020";"Library and Information Sciences (Q4); Social Sciences (miscellaneous) (Q4)";"Social Sciences"
206;21101047909;"Moderna Arhivistika";journal;"25910884";0,110;Q4;1;18;80;342;2;80;0,00;19,00;Slovenia;Eastern Europe;"Maribor Provincial Archives";"2018-2020";"Library and Information Sciences (Q4); Public Administration (Q4)";"Social Sciences"
207;4700152746;"Music Reference Services Quarterly";journal;"10588167";0,110;Q4;8;16;51;2;12;43;0,16;0,13;United States;Northern America;"Routledge";"1992-1998, 2001-2002, 2004, 2006-2021";"Music (Q3); Library and Information Sciences (Q4)";"Arts and Humanities; Social Sciences"
208;23808;"Scriptorium";journal;"00369772";0,110;Q4;7;0;32;0;3;32;0,14;0,00;Belgium;Western Europe;"";"1972, 1975, 1977-1979, 1982, 1984-1985, 1987, 1997, 2002-2020";"Visual Arts and Performing Arts (Q3); Library and Information Sciences (Q4)";"Arts and Humanities; Social Sciences"
209;14760;"Zeitschrift fur Bibliothekswesen und Bibliographie";journal;"18642950, 00442380";0,110;Q4;5;34;112;684;8;106;0,07;20,12;Germany;Western Europe;"Vittorio Klostermann";"1969, 1988-2021";"Library and Information Sciences (Q4)";"Social Sciences"
210;5000154508;"Ciencia da Informacao";journal;"01001965";0,109;Q4;13;1;176;0;14;165;0,06;0,00;Brazil;Latin America;"Brazilian Institute for Information in Science and Technology";"2006-2013, 2015-2020";"Library and Information Sciences (Q4)";"Social Sciences"
211;21100944123;"Comma";journal;"20493355, 16801865";0,106;Q4;1;0;31;0;4;30;0,13;0,00;United Kingdom;Western Europe;"Liverpool University Press";"2019-2020";"Conservation (Q3); Library and Information Sciences (Q4)";"Arts and Humanities; Social Sciences"
212;21101030206;"Revista de Cancioneros Impresos y Manuscritos";journal;"22547444";0,105;Q4;2;8;12;496;3;12;0,25;62,00;Spain;Western Europe;"Universidad de Alicante";"2019-2021";"Literature and Literary Theory (Q3); Library and Information Sciences (Q4); Linguistics and Language (Q4)";"Arts and Humanities; Social Sciences"
213;21101040634;"Comparative Oriental Manuscript Studies Bulletin";journal;"24100951";0,104;Q4;1;0;8;0;1;8;0,13;0,00;Germany;Western Europe;"Universitat Hamburg";"2020";"Literature and Literary Theory (Q3); Conservation (Q4); Library and Information Sciences (Q4); Linguistics and Language (Q4)";"Arts and Humanities; Social Sciences"
214;19900195027;"International Journal of the Book";journal;"14479567, 14479516";0,104;Q4;4;0;10;0;1;10;0,00;0,00;United States;Northern America;"Common Ground Research Networks";"2011-2019";"History (Q3); Literature and Literary Theory (Q3); Communication (Q4); Library and Information Sciences (Q4)";"Arts and Humanities; Social Sciences"
215;14115;"Canadian Journal of Information and Library Science";journal;"1195096X";0,103;Q4;19;11;25;555;4;23;0,30;50,45;Canada;Northern America;"University of Toronto Press";"1993-2021";"Information Systems (Q4); Library and Information Sciences (Q4)";"Computer Science; Social Sciences"
216;21100945772;"In Monte Artium";journal;"20313098, 25070312";0,103;Q4;1;0;10;0;1;10;0,10;0,00;Belgium;Western Europe;"Brepols Publishers";"2019-2020";"Literature and Literary Theory (Q3); Music (Q3); Arts and Humanities (miscellaneous) (Q4); History (Q4); Library and Information Sciences (Q4)";"Arts and Humanities; Social Sciences"
217;17600155217;"Document Numerique";journal;"19631014, 12795127";0,102;Q4;6;0;24;0;2;22;0,00;0,00;France;Western Europe;"Lavoisier";"2001-2004, 2006-2016, 2018-2019";"Library and Information Sciences (Q4)";"Social Sciences"
218;13970;"Library and Information Science";journal;"03734447";0,102;Q4;6;2;13;95;0;13;0,00;47,50;Japan;Asiatic Region;"Mita Society for Library and Information Science";"1980-2020";"Library and Information Sciences (Q4)";"Social Sciences"
219;12100156499;"Notes";journal;"1534150X, 00274380";0,102;Q4;10;13;38;529;1;36;0,00;40,69;United States;Northern America;"Music Library Association";"2002-2021";"Library and Information Sciences (Q4); Music (Q4)";"Arts and Humanities; Social Sciences"
220;21101030341;"Proceedings from the Document Academy";journal;"2473215X";0,102;Q4;0;15;16;288;0;14;0,00;19,20;United States;Northern America;"University of Akron";"2020-2021";"Conservation (Q4); Library and Information Sciences (Q4)";"Arts and Humanities; Social Sciences"
221;14096;"Transactions of the Cambridge Bibliographical Society";journal;"00686611";0,102;Q4;4;0;15;0;0;14;0,00;0,00;United Kingdom;Western Europe;"Cambridge Bibliographical Society";"1971, 1979-1980, 1982, 1988, 2002-2011, 2013-2017, 2019-2020";"Literature and Literary Theory (Q3); Library and Information Sciences (Q4)";"Arts and Humanities; Social Sciences"
222;20500195100;"Tuna";journal;"14064030";0,102;Q4;3;0;13;0;0;13;0,00;0,00;Estonia;Eastern Europe;"Eesti Arhivaaride Uhing";"2011-2014, 2017-2018";"History (Q4); Library and Information Sciences (Q4)";"Arts and Humanities; Social Sciences"
223;21100373617;"Biblios";journal;"15624730";0,101;Q4;4;0;61;0;4;61;0,00;0,00;United States;Northern America;"University Library System, University of Pittsburgh";"2013-2020";"Library and Information Sciences (Q4)";"Social Sciences"
224;21100936586;"Book History";journal;"10987371, 15291499";0,101;Q4;1;17;24;91;5;21;0,21;5,35;United States;Northern America;"Johns Hopkins University Press";"2019-2021";"Conservation (Q4); History (Q4); Library and Information Sciences (Q4)";"Arts and Humanities; Social Sciences"
225;5800224021;"Bulletin des Bibliotheques de France";journal;"00062006";0,101;Q4;3;19;73;19;0;26;0,00;1,00;France;Western Europe;"Ecole nationale superieure des sciences de l'information et des bibliotheques";"2012-2020";"Library and Information Sciences (Q4)";"Social Sciences"
226;15689;"Bulletin of the John Rylands Library";journal;"20549326, 20549318";0,101;Q4;6;0;23;0;0;23;0,00;0,00;United Kingdom;Western Europe;"John Rylands University Library";"1946-1948, 1971-1972, 1990, 1999, 2002-2006, 2012, 2014-2020";"Arts and Humanities (miscellaneous) (Q4); Library and Information Sciences (Q4)";"Arts and Humanities; Social Sciences"
227;6500153237;"Fontes Artis Musicae";journal;"00156191";0,101;Q4;5;14;45;217;2;44;0,03;15,50;United States;Northern America;"";"2002-2021";"Library and Information Sciences (Q4); Music (Q4)";"Arts and Humanities; Social Sciences"
228;21100942399;"IAFOR Journal of Literature and Librarianship";journal;"21870608";0,101;Q4;1;13;23;353;1;23;0,04;27,15;Japan;Asiatic Region;"The International Academic Forum (IAFOR)";"2019-2021";"Literature and Literary Theory (Q3); Library and Information Sciences (Q4)";"Arts and Humanities; Social Sciences"
229;21101048513;"Manuscript and Book Heritage of Ukraine";journal;"22224203";0,101;Q4;1;0;41;0;1;41;0,02;0,00;Ukraine;Eastern Europe;"Vernadsky National Library of Ukraine";"2020";"History (Q4); Library and Information Sciences (Q4)";"Arts and Humanities; Social Sciences"
230;16096;"Notes and Queries";journal;"00293970, 14716941";0,101;Q4;8;87;445;1040;24;271;0,04;11,95;United Kingdom;Western Europe;"Oxford University Press";"1849-2021";"Library and Information Sciences (Q4); Linguistics and Language (Q4); Literature and Literary Theory (Q4)";"Arts and Humanities; Social Sciences"
231;19400156821;"Papers of the Bibliographical Society of America";journal;"23776528, 0006128X";0,101;Q4;6;16;37;94;2;29;0,08;5,88;United States;Northern America;"Bibliographical Society of America";"1947, 1970-1972, 1979, 1989, 1993, 1995, 2004-2005, 2008-2021";"Library and Information Sciences (Q4); Literature and Literary Theory (Q4)";"Arts and Humanities; Social Sciences"
232;21100867474;"Przeglad Archiwalny Instytutu Pamieci Narodowej";journal;"18991254";0,101;Q4;0;0;30;0;0;30;0,00;0,00;Poland;Eastern Europe;"Instytut Pamieci Narodowej w Polsce";"2016-2019";"Conservation (Q4); History (Q4); Library and Information Sciences (Q4)";"Arts and Humanities; Social Sciences"
233;21100205109;"Scire";journal;"11353716";0,101;Q4;5;13;39;394;1;39;0,04;30,31;Spain;Western Europe;"Facultad de Filosofia y Letras - Universidad de Zaragoza";"2011-2021";"Communication (Q4); Library and Information Sciences (Q4)";"Social Sciences"
234;4700152752;"Slavic and East European Information Resources";journal;"15229041, 15228886";0,101;Q4;5;23;56;0;7;46;0,11;0,00;United States;Northern America;"Routledge";"2001-2021";"Library and Information Sciences (Q4); Linguistics and Language (Q4)";"Social Sciences"
235;21100897266;"Bibliothecae.it";journal;"22807934, 22839364";0,100;Q4;2;33;82;1091;2;77;0,04;33,06;Italy;Western Europe;"Universita di Bologna, Dipartimento di Beni Culturali, Alma Mater Studiorum";"2018-2020";"History (Q4); Information Systems (Q4); Library and Information Sciences (Q4)";"Arts and Humanities; Computer Science; Social Sciences"
236;21100237620;"Gazette des Archives";journal;"00165522";0,100;Q4;2;0;194;0;1;183;0,01;0,00;France;Western Europe;"Association des archivistes francais (AAF)";"1976, 2012-2020";"History (Q4); Library and Information Sciences (Q4)";"Arts and Humanities; Social Sciences"
237;21100914959;"Indexer";journal;"17560632, 00194131";0,100;Q4;3;14;70;111;17;61;0,24;7,93;United Kingdom;Western Europe;"Liverpool University Press";"2019-2021";"Arts and Humanities (miscellaneous) (Q4); Library and Information Sciences (Q4)";"Arts and Humanities; Social Sciences"
238;14046;"Library Philosophy and Practice (discontinued)";journal;"15220222";;-;24;1606;2096;43007;1424;2092;0,65;26,78;United States;Northern America;"University of Idaho Library";"1998-2021";"Library and Information Sciences; Philosophy";"Arts and Humanities; Social Sciences"
239;4400151723;"Webology (discontinued)";journal;"1735188X";;-;20;285;140;7313;249;139;1,65;25,66;Iran;Middle East;"";"2006-2021";"Human-Computer Interaction; Information Systems and Management; Library and Information Sciences; Software";"Computer Science; Decision Sciences; Social Sciences"
240;21101046690;"Z Badan nad Ksiazka i Ksiegozbiorami Historycznymi";journal;"25448730, 18970788";;-;0;19;0;772;0;0;0,00;40,63;Poland;Eastern Europe;"Grupa Cogito Sp. z o";"2021";"Arts and Humanities (miscellaneous); Communication; History; Library and Information Sciences";"Arts and Humanities; Social Sciences"
